||||||||||||||||||
||||||||||||||||||
NIBOR Interest rates, monthly averages from daily observations||||||||||||||||||
||||||||||||||||||
|Nominal Interest Rate|||||||||Effective Interest Rate||||||||
|NIBOR|||||||||NIBOR||||||||
|t/n  |1 week|2 week|1 month|2 month|3 month|6 month|9 month|12 month|t/n  |1 week|2 week|1 month|2 month|3 month|6 month|9 month|12 month
2013-11-30||1.59|1.58|1.61|1.61|1.66|1.76|1.85|1.93||1.63|1.62|1.64|1.64|1.70|1.79|1.88|1.96
2013-10-31||1.59|1.59|1.61|1.63|1.69|1.79|1.89|1.98||1.62|1.62|1.65|1.67|1.72|1.82|1.92|2.01
2013-09-30||1.61|1.61|1.63|1.66|1.71|1.84|1.95|2.05||1.64|1.64|1.67|1.69|1.75|1.87|1.99|2.08
2013-08-31||1.61|1.62|1.63|1.67|1.72|1.81|1.90|1.97||1.65|1.66|1.67|1.71|1.76|1.84|1.93|2.00
2013-07-31||1.60|1.60|1.61|1.64|1.69|1.76|1.84|1.91||1.63|1.63|1.64|1.67|1.72|1.80|1.87|1.94
2013-06-30||1.64|1.65|1.66|1.69|1.73|1.83|1.90|1.97||1.68|1.68|1.70|1.72|1.77|1.86|1.93|2.00
2013-05-31||1.68|1.68|1.70|1.72|1.76|1.85|1.93|2.02||1.72|1.72|1.74|1.75|1.80|1.88|1.96|2.05
2013-04-30||1.73|1.75|1.77|1.78|1.82|1.89|1.97|2.07||1.77|1.79|1.81|1.82|1.86|1.93|2.00|2.10
2013-03-31||1.75|1.76|1.78|1.82|1.85|1.95|2.05|2.17||1.78|1.80|1.82|1.86|1.89|1.98|2.08|2.20
2013-02-28||1.76|1.77|1.81|1.85|1.90|2.03|2.16|2.27||1.80|1.81|1.85|1.89|1.94|2.07|2.19|2.30
2013-01-31||1.72|1.75|1.80|1.83|1.86|1.99|2.11|2.23||1.76|1.78|1.84|1.87|1.90|2.03|2.15|2.26
2012-12-31||1.74|1.75|1.82|1.81|1.87|2.03|2.16|2.29||1.78|1.79|1.86|1.85|1.90|2.07|2.20|2.33
2012-11-30||1.73|1.75|1.81|1.89|1.92|2.10|2.23|2.34||1.77|1.79|1.85|1.94|1.96|2.14|2.26|2.38
2012-10-31||1.70|1.73|1.78|1.83|1.92|2.12|2.24|2.36||1.74|1.76|1.82|1.87|1.96|2.16|2.27|2.39
2012-09-30||1.69|1.72|1.81|1.87|1.96|2.21|2.34|2.46||1.72|1.76|1.85|1.91|2.00|2.25|2.38|2.50
2012-08-31||1.72|1.76|1.86|1.98|2.13|2.40|2.53|2.65||1.76|1.80|1.91|2.03|2.18|2.45|2.57|2.68
2012-07-31||1.74|1.80|1.93|2.05|2.24|2.50|2.64|2.75||1.78|1.84|1.97|2.09|2.29|2.56|2.68|2.79
2012-06-30||1.84|1.89|2.01|2.13|2.34|2.65|2.84|2.99||1.89|1.94|2.06|2.18|2.39|2.70|2.89|3.03
2012-05-31||1.78|1.81|1.94|2.08|2.32|2.69|2.91|3.10||1.82|1.85|1.99|2.13|2.37|2.75|2.97|3.14
2012-04-30||1.84|1.88|1.95|2.10|2.32|2.68|2.88|3.07||1.88|1.92|1.99|2.15|2.37|2.73|2.93|3.11
2012-03-31||1.89|1.94|2.05|2.22|2.43|2.76|2.94|3.12||1.93|1.98|2.10|2.27|2.49|2.81|2.99|3.16
2012-02-29||2.02|2.10|2.26|2.45|2.67|2.98|3.18|3.35||2.07|2.15|2.31|2.51|2.73|3.05|3.23|3.40
2012-01-31||1.94|2.02|2.31|2.51|2.70|2.99|3.17|3.31||1.98|2.07|2.37|2.57|2.77|3.05|3.22|3.36
2011-12-31||2.31|2.52|2.84|2.92|3.02|3.17|3.29|3.44||2.37|2.58|2.92|3.00|3.10|3.24|3.35|3.49
2011-11-30|2.25|2.45|2.56|2.85|3.03|3.16|3.28|3.36|3.51|2.31|2.52|2.63|2.92|3.11|3.24|3.36|3.42|3.56
2011-10-31|2.36|2.52|2.63|2.85|2.92|3.08|3.32|3.47|3.62|2.43|2.58|2.71|2.93|3.00|3.16|3.39|3.53|3.68
2011-09-30|2.36|2.50|2.61|2.88|2.97|3.08|3.27|3.38|3.57|2.42|2.56|2.68|2.96|3.05|3.16|3.34|3.44|3.62
2011-08-31|2.42|2.57|2.65|2.89|2.99|3.10|3.31|3.49|3.70|2.49|2.64|2.72|2.97|3.07|3.18|3.39|3.56|3.75
2011-07-31|2.44|2.50|2.53|2.65|2.78|2.94|3.26|3.48|3.71|2.50|2.57|2.60|2.73|2.85|3.01|3.33|3.54|3.76
2011-06-30|2.56|2.61|2.63|2.68|2.72|2.85|3.13|3.36|3.60|2.63|2.68|2.70|2.75|2.78|2.93|3.20|3.42|3.65
2011-05-31|2.44|2.46|2.54|2.59|2.63|2.72|2.96|3.19|3.43|2.50|2.53|2.61|2.66|2.69|2.79|3.03|3.24|3.48
2011-04-30|2.24|2.27|2.33|2.40|2.53|2.69|2.93|3.17|3.42|2.30|2.33|2.39|2.46|2.59|2.75|2.99|3.23|3.47
2011-03-31|2.22|2.29|2.34|2.38|2.46|2.62|2.84|3.08|3.30|2.27|2.35|2.40|2.44|2.52|2.68|2.90|3.14|3.35
2011-02-28|2.22|2.30|2.34|2.39|2.47|2.61|2.82|3.03|3.22|2.28|2.36|2.40|2.45|2.53|2.67|2.88|3.08|3.27
2011-01-31|2.17|2.28|2.33|2.39|2.47|2.59|2.80|2.98|3.15|2.23|2.34|2.39|2.45|2.53|2.66|2.85|3.03|3.20
2010-12-31|2.08|2.30|2.34|2.42|2.49|2.59|2.70|2.83|2.98|2.13|2.36|2.40|2.49|2.55|2.65|2.76|2.88|3.02
2010-11-30|2.25|2.30|2.32|2.36|2.42|2.51|2.66|2.75|2.91|2.31|2.36|2.38|2.42|2.48|2.57|2.71|2.80|2.95
2010-10-31|2.26|2.32|2.36|2.36|2.44|2.56|2.74|2.88|3.01|2.31|2.38|2.42|2.42|2.50|2.62|2.80|2.93|3.06
2010-09-30|2.30|2.34|2.40|2.45|2.52|2.64|2.89|3.02|3.16|2.35|2.40|2.46|2.51|2.58|2.70|2.95|3.07|3.21
2010-08-31|2.31|2.40|2.43|2.48|2.55|2.65|2.91|3.03|3.17|2.37|2.47|2.49|2.55|2.61|2.72|2.97|3.08|3.21
2010-07-31|2.34|2.45|2.46|2.52|2.59|2.69|2.89|3.03|3.16|2.40|2.51|2.53|2.59|2.66|2.76|2.95|3.09|3.20
2010-06-30|2.28|2.33|2.36|2.49|2.56|2.67|2.87|3.01|3.10|2.34|2.39|2.42|2.55|2.63|2.74|2.93|3.06|3.14
2010-05-31|2.09|2.16|2.17|2.22|2.33|2.50|2.82|2.86|2.97|2.14|2.22|2.22|2.27|2.38|2.56|2.88|2.91|3.01
2010-04-30|2.02|2.08|2.08|2.09|2.24|2.39|2.69|2.77|2.87|2.07|2.13|2.13|2.14|2.29|2.44|2.74|2.82|2.91
2010-03-31|1.96|2.00|2.02|2.01|2.12|2.30|2.64|2.76|2.90|2.01|2.05|2.07|2.05|2.17|2.35|2.69|2.80|2.94
2010-02-28|1.98|2.05|2.02|2.01|2.11|2.27|2.64|2.78|2.93|2.03|2.10|2.06|2.06|2.16|2.32|2.69|2.83|2.97
2010-01-31|1.95|2.05|2.01|2.04|2.12|2.25|2.67|2.82|2.98|2.00|2.10|2.06|2.08|2.17|2.30|2.72|2.87|3.02
2009-12-31|1.83|1.85|1.86|1.88|1.98|2.08|2.48|2.69|2.88|1.87|1.89|1.90|1.93|2.02|2.12|2.53|2.73|2.92
2009-11-30|1.74|1.80|1.79|1.78|1.91|2.05|2.46|2.76|3.02|1.78|1.85|1.83|1.82|1.96|2.09|2.51|2.81|3.06
2009-10-31|1.54|1.66|1.68|1.75|1.87|2.03|2.51|2.82|3.09|1.58|1.70|1.71|1.79|1.91|2.08|2.56|2.87|3.13
2009-09-30|1.47|1.61|1.60|1.61|1.76|1.93|2.40|2.75|3.01|1.50|1.64|1.63|1.65|1.80|1.97|2.44|2.80|3.05
2009-08-31|1.51|1.63|1.61|1.61|1.75|1.88|2.28|2.53|2.72|1.54|1.66|1.64|1.65|1.79|1.92|2.33|2.58|2.76
2009-07-31|1.53|1.61|1.60|1.67|1.77|1.87|2.19|2.30|2.45|1.57|1.64|1.63|1.70|1.81|1.91|2.24|2.34|2.49
2009-06-30|1.75|1.87|1.87|1.88|1.96|2.10|2.31|2.46|2.57|1.79|1.92|1.91|1.92|2.00|2.15|2.35|2.51|2.61
2009-05-31|1.87|2.04|2.03|2.08|2.23|2.40|2.54|2.66|2.75|1.92|2.09|2.08|2.13|2.28|2.45|2.60|2.70|2.79
2009-04-30|2.52|2.66|2.65|2.66|2.74|2.87|2.84|2.82|2.87|2.59|2.74|2.72|2.73|2.81|2.95|2.90|2.87|2.91
2009-03-31|2.69|2.81|2.78|2.99|3.08|3.17|3.02|2.91|2.91|2.76|2.89|2.86|3.08|3.17|3.26|3.09|2.97|2.95
2009-02-28|3.03|3.26|3.25|3.41|3.40|3.48|3.22|3.01|2.97|3.12|3.36|3.35|3.51|3.49|3.58|3.30|3.07|3.01
2009-01-31|3.48|3.73|3.59|3.64|3.66|3.70|3.44|3.27|3.25|3.59|3.86|3.71|3.76|3.77|3.80|3.52|3.33|3.29
2008-12-31|4.76|4.68|4.60|4.43|4.62|4.64|4.19|3.99|3.92|4.94|4.86|4.77|4.59|4.78|4.79|4.30|4.07|3.97
2008-11-30|5.09|5.34|5.22|5.60|6.00|6.19|5.96|5.70|5.61|5.30|5.56|5.43|5.82|6.24|6.42|6.14|5.83|5.69
2008-10-31|6.72|6.87|6.85|7.30|7.00|6.92|6.93|6.70|6.69|7.05|7.21|7.19|7.66|7.31|7.21|7.15|6.85|6.79
2008-09-30|6.26|6.43|6.48|6.55|6.71|6.82|6.97|6.95|7.00|6.56|6.74|6.78|6.85|7.00|7.09|7.19|7.11|7.09
2008-08-31|6.11|6.09|6.14|6.16|6.34|6.53|6.81|6.82|6.81|6.39|6.37|6.42|6.43|6.60|6.78|7.02|6.97|6.91
2008-07-31|6.08|6.08|6.14|6.11|6.29|6.46|6.81|6.86|6.90|6.36|6.35|6.41|6.37|6.55|6.71|7.02|7.02|6.99
2008-06-30|5.99|6.05|6.12|6.09|6.25|6.41|6.71|6.80|6.86|6.26|6.33|6.39|6.35|6.51|6.66|6.92|6.96|6.96
2008-05-31|6.14|6.14|6.19|6.24|6.37|6.48|6.63|6.65|6.65|6.42|6.41|6.47|6.51|6.64|6.73|6.83|6.80|6.74
2008-04-30|5.97|5.98|6.09|6.17|6.24|6.30|6.41|6.40|6.38|6.24|6.25|6.36|6.43|6.50|6.54|6.60|6.54|6.47
2008-03-31|5.77|5.82|5.89|5.97|6.10|6.18|6.24|6.20|6.16|6.03|6.08|6.15|6.22|6.35|6.41|6.43|6.34|6.24
2008-02-29|5.70|5.63|5.65|5.68|5.81|5.91|5.95|5.90|5.86|5.95|5.87|5.89|5.92|6.04|6.13|6.12|6.02|5.94
2008-01-31|5.58|5.51|5.55|5.60|5.68|5.79|5.87|5.84|5.81|5.82|5.74|5.78|5.82|5.89|6.00|6.04|5.96|5.89
2007-12-31|5.54|5.55|5.77|5.86|5.90|5.96|6.01|5.95|5.93|5.78|5.79|6.01|6.10|6.13|6.19|6.19|6.08|6.02
2007-11-30|5.39|5.33|5.38|5.46|5.68|5.78|5.84|5.84|5.85|5.62|5.55|5.60|5.68|5.90|5.99|6.01|5.97|5.93
2007-10-31|5.48|5.37|5.44|5.47|5.52|5.67|5.75|5.78|5.83|5.71|5.60|5.67|5.69|5.73|5.87|5.92|5.91|5.91
2007-09-30|5.15|5.07|5.17|5.27|5.40|5.51|5.64|5.70|5.73|5.36|5.28|5.37|5.47|5.60|5.70|5.80|5.82|5.81
2007-08-31|4.99|4.90|4.96|5.01|5.09|5.18|5.36|5.50|5.62|5.19|5.10|5.15|5.20|5.27|5.36|5.51|5.62|5.70
2007-07-31|4.85|4.73|4.75|4.76|4.81|4.89|5.11|5.30|5.47|5.04|4.90|4.93|4.94|4.97|5.05|5.25|5.41|5.55
2007-06-30|4.60|4.57|4.62|4.67|4.70|4.75|4.94|5.14|5.31|4.78|4.74|4.79|4.84|4.87|4.91|5.07|5.24|5.38
2007-05-31|4.37|4.31|4.36|4.41|4.51|4.60|4.79|4.98|5.12|4.53|4.46|4.51|4.57|4.66|4.74|4.91|5.08|5.19
2007-04-30|4.37|4.31|4.36|4.39|4.45|4.54|4.72|4.89|5.03|4.53|4.46|4.52|4.54|4.60|4.69|4.84|4.99|5.10
2007-03-31|4.27|4.18|4.27|4.31|4.36|4.43|4.59|4.74|4.88|4.43|4.33|4.42|4.46|4.50|4.57|4.71|4.84|4.94
2007-02-28|4.13|4.00|4.03|4.05|4.11|4.20|4.38|4.58|4.76|4.28|4.14|4.17|4.18|4.24|4.33|4.49|4.67|4.82
2007-01-31|3.92|3.85|3.89|3.87|3.89|3.98|4.17|4.38|4.57|4.05|3.98|4.02|4.00|4.00|4.09|4.27|4.47|4.64
2006-12-31|3.78|3.74|3.82|3.79|3.78|3.80|3.99|4.19|4.37|3.91|3.86|3.94|3.91|3.90|3.91|4.08|4.27|4.43
2006-11-30|3.62|3.50|3.54|3.55|3.59|3.62|3.79|3.96|4.13|3.74|3.61|3.65|3.66|3.69|3.72|3.88|4.04|4.18
2006-10-31|3.42|3.36|3.40|3.42|3.45|3.48|3.64|3.80|3.94|3.53|3.46|3.50|3.52|3.55|3.57|3.72|3.87|3.99
2006-09-30|3.32|3.19|3.24|3.24|3.30|3.37|3.50|3.65|3.78|3.43|3.29|3.34|3.34|3.39|3.47|3.58|3.72|3.84
2006-08-31|3.21|3.09|3.14|3.13|3.17|3.23|3.38|3.54|3.69|3.31|3.18|3.23|3.22|3.26|3.31|3.46|3.60|3.74
2006-07-31|3.09|2.94|2.97|2.96|3.04|3.09|3.26|3.41|3.56|3.19|3.02|3.06|3.04|3.13|3.17|3.33|3.47|3.61
2006-06-30|3.15|3.01|3.04|2.99|2.97|3.03|3.17|3.34|3.49|3.24|3.10|3.13|3.08|3.05|3.11|3.24|3.40|3.54
2006-05-31|2.96|2.84|2.88|2.86|2.90|2.94|3.06|3.20|3.34|3.04|2.92|2.96|2.94|2.98|3.02|3.12|3.25|3.38
2006-04-30|3.01|2.80|2.83|2.80|2.77|2.82|2.92|3.04|3.17|3.10|2.88|2.91|2.87|2.84|2.89|2.98|3.09|3.21
2006-03-31|2.65|2.57|2.63|2.65|2.67|2.72|2.82|2.94|3.07|2.72|2.64|2.71|2.72|2.74|2.78|2.88|2.99|3.11
2006-02-28|2.53|2.39|2.43|2.44|2.51|2.57|2.68|2.79|2.91|2.60|2.45|2.50|2.50|2.57|2.63|2.73|2.84|2.95
2006-01-31|2.55|2.43|2.45|2.44|2.46|2.52|2.65|2.79|2.93|2.62|2.49|2.51|2.50|2.52|2.58|2.71|2.84|2.97
2005-12-31|2.63|2.49|2.53|2.48|2.50|2.55|2.70|2.87|3.03|2.70|2.56|2.60|2.55|2.57|2.61|2.75|2.93|3.07
2005-11-30|2.62|2.47|2.50|2.48|2.50|2.54|2.66|2.82|2.98|2.69|2.53|2.56|2.55|2.56|2.60|2.72|2.87|3.02
2005-10-31|2.42|2.31|2.34|2.36|2.40|2.45|2.54|2.67|2.80|2.49|2.36|2.40|2.42|2.46|2.51|2.59|2.72|2.84
2005-09-30|2.31|2.18|2.23|2.24|2.29|2.35|2.43|2.53|2.64|2.37|2.23|2.28|2.29|2.34|2.41|2.48|2.58|2.67
2005-08-31|2.24|2.16|2.19|2.16|2.19|2.25|2.36|2.49|2.60|2.29|2.22|2.25|2.21|2.24|2.30|2.41|2.53|2.63
2005-07-31|2.29|2.19|2.22|2.18|2.19|2.22|2.32|2.41|2.50|2.35|2.24|2.27|2.23|2.24|2.27|2.37|2.45|2.53
2005-06-30|2.11|2.05|2.08|2.09|2.11|2.15|2.27|2.39|2.48|2.16|2.10|2.13|2.14|2.16|2.20|2.32|2.43|2.52
2005-05-31|2.08|2.00|2.03|1.99|2.04|2.08|2.21|2.35|2.47|2.14|2.04|2.07|2.04|2.08|2.13|2.26|2.39|2.50
2005-04-30|2.13|2.03|2.07|2.01|2.02|2.05|2.17|2.32|2.46|2.19|2.08|2.12|2.06|2.06|2.10|2.22|2.36|2.49
2005-03-31|2.06|1.93|1.97|1.96|1.99|2.02|2.15|2.28|2.42|2.11|1.98|2.01|2.00|2.03|2.06|2.19|2.31|2.45
2005-02-28|2.01|1.88|1.89|1.89|1.90|1.92|1.98|2.08|2.18|2.05|1.92|1.94|1.93|1.94|1.96|2.01|2.11|2.21
2005-01-31|2.02|1.93|1.95|1.92|1.93|1.96|2.02|2.11|2.21|2.07|1.97|2.00|1.96|1.98|2.00|2.06|2.14|2.24
2004-12-31|2.06|1.99|2.01|1.99|1.98|1.99|2.02|2.08|2.16|2.11|2.04|2.06|2.04|2.03|2.03|2.05|2.12|2.19
2004-11-30|2.07|1.99|2.02|1.99|1.99|1.99|2.00|2.05|2.12|2.12|2.04|2.06|2.04|2.04|2.04|2.04|2.08|2.15
2004-10-31|2.11|1.99|2.00|2.00|1.99|2.00|2.01|2.06|2.14|2.16|2.04|2.05|2.05|2.04|2.04|2.05|2.09|2.17
2004-09-30|2.07|1.99|2.01|1.97|1.96|1.96|1.97|2.02|2.10|2.12|2.03|2.05|2.02|2.00|2.00|2.01|2.06|2.13
2004-08-31|2.14|2.02|2.04|2.00|2.01|2.02|2.05|2.11|2.22|2.19|2.06|2.09|2.05|2.05|2.06|2.09|2.15|2.25
2004-07-31|2.15|2.05|2.07|2.03|2.02|2.02|2.05|2.11|2.22|2.21|2.10|2.12|2.07|2.06|2.06|2.09|2.14|2.25
2004-06-30|2.19|2.06|2.08|2.03|2.02|2.03|2.08|2.20|2.37|2.24|2.10|2.13|2.07|2.06|2.07|2.12|2.24|2.41
2004-05-31|2.14|2.03|2.05|2.01|1.99|1.99|2.03|2.14|2.30|2.19|2.08|2.10|2.05|2.03|2.03|2.07|2.18|2.33
2004-04-30|2.16|2.02|2.03|2.00|1.97|1.97|1.99|2.07|2.20|2.22|2.07|2.08|2.05|2.01|2.01|2.02|2.11|2.23
2004-03-31|2.14|1.97|1.97|1.93|1.87|1.84|1.80|1.84|1.92|2.19|2.02|2.01|1.97|1.92|1.88|1.84|1.87|1.94
2004-02-29|2.34|2.22|2.22|2.15|2.06|2.01|1.95|1.97|2.06|2.40|2.27|2.28|2.20|2.11|2.05|1.98|2.01|2.09
2004-01-31|2.52|2.39|2.39|2.32|2.28|2.26|2.22|2.26|2.35|2.59|2.46|2.45|2.38|2.34|2.31|2.26|2.30|2.38
2003-12-31|2.84|2.72|2.75|2.77|2.67|2.64|2.61|2.67|2.77|2.92|2.79|2.82|2.84|2.74|2.71|2.66|2.71|2.81
2003-11-30|2.87|2.79|2.82|2.83|2.92|2.89|2.90|2.97|3.09|2.95|2.87|2.90|2.91|3.00|2.97|2.96|3.02|3.13
2003-10-31|3.02|2.89|2.88|2.84|2.83|2.86|2.88|2.95|3.08|3.11|2.97|2.96|2.92|2.91|2.93|2.94|3.00|3.12
2003-09-30|3.11|3.00|2.98|2.90|2.83|2.81|2.81|2.88|3.01|3.21|3.09|3.06|2.98|2.90|2.88|2.87|2.93|3.05
2003-08-31|3.71|3.49|3.42|3.31|3.19|3.14|3.10|3.14|3.24|3.83|3.60|3.52|3.41|3.28|3.22|3.16|3.19|3.29
2003-07-31|4.25|4.20|4.19|3.98|3.65|3.45|3.24|3.19|3.24|4.40|4.34|4.33|4.11|3.76|3.55|3.31|3.25|3.29
2003-06-30|5.07|4.81|4.70|4.47|4.26|4.04|3.69|3.57|3.57|5.28|4.99|4.88|4.63|4.40|4.16|3.78|3.64|3.62
2003-05-31|5.35|5.22|5.23|5.17|5.01|4.92|4.63|4.52|4.47|5.57|5.44|5.44|5.37|5.19|5.08|4.75|4.61|4.53
2003-04-30|5.78|5.60|5.56|5.44|5.34|5.26|5.08|5.00|4.98|6.04|5.84|5.80|5.66|5.54|5.44|5.22|5.10|5.05
2003-03-31|5.78|5.65|5.65|5.65|5.57|5.49|5.33|5.23|5.20|6.04|5.89|5.89|5.88|5.78|5.68|5.47|5.34|5.27
2003-02-28|6.19|6.09|6.05|5.94|5.78|5.69|5.48|5.35|5.29|6.48|6.37|6.31|6.19|6.01|5.90|5.64|5.46|5.37
2003-01-31|6.59|6.39|6.35|6.22|6.09|5.99|5.77|5.66|5.63|6.91|6.69|6.64|6.50|6.34|6.21|5.93|5.78|5.71
2002-12-31|7.01|6.94|6.96|6.95|6.76|6.62|6.34|6.19|6.14|7.37|7.28|7.30|7.28|7.05|6.89|6.53|6.32|6.22
2002-11-30|7.21|7.13|7.13|7.12|7.11|7.09|6.92|6.76|6.68|7.59|7.49|7.49|7.46|7.43|7.38|7.14|6.92|6.77
2002-10-31|7.25|7.13|7.14|7.13|7.12|7.12|7.02|6.90|6.81|7.63|7.49|7.50|7.47|7.44|7.42|7.24|7.05|6.91
2002-09-30|7.21|7.09|7.09|7.11|7.13|7.15|7.13|7.06|6.97|7.58|7.45|7.44|7.45|7.45|7.45|7.36|7.22|7.07
2002-08-31|7.23|7.13|7.12|7.14|7.21|7.26|7.30|7.30|7.28|7.60|7.49|7.48|7.49|7.53|7.56|7.54|7.47|7.38
2002-07-31|7.19|7.14|7.16|7.18|7.21|7.25|7.34|7.38|7.39|7.56|7.51|7.52|7.53|7.54|7.56|7.58|7.56|7.50
2002-06-30|6.85|6.80|6.81|6.88|7.03|7.12|7.28|7.40|7.49|7.19|7.13|7.14|7.21|7.34|7.42|7.51|7.58|7.60
2002-05-31|6.78|6.71|6.73|6.72|6.80|6.90|7.07|7.21|7.31|7.12|7.03|7.05|7.03|7.10|7.18|7.29|7.38|7.41
2002-04-30|6.83|6.72|6.73|6.70|6.73|6.77|6.84|6.96|7.04|7.17|7.05|7.05|7.01|7.02|7.04|7.06|7.12|7.14
2002-03-31|6.74|6.64|6.67|6.68|6.70|6.72|6.76|6.81|6.89|7.08|6.96|6.99|6.98|6.99|6.99|6.97|6.97|6.99
2002-02-28|6.76|6.65|6.65|6.60|6.57|6.57|6.57|6.62|6.69|7.09|6.97|6.97|6.90|6.85|6.83|6.78|6.76|6.78
2002-01-31|6.70|6.58|6.57|6.49|6.40|6.32|6.22|6.21|6.24|7.03|6.89|6.88|6.79|6.67|6.56|6.40|6.34|6.32
2001-12-31|7.11|6.93|6.96|6.86|6.68|6.59|6.33|6.21|6.17|7.48|7.27|7.30|7.18|6.97|6.85|6.52|6.35|6.26
2001-11-30|7.15|7.09|7.11|7.09|7.00|6.90|6.64|6.50|6.42|7.52|7.45|7.46|7.43|7.31|7.18|6.84|6.64|6.51
2001-10-31|7.31|7.20|7.18|7.10|7.00|6.94|6.76|6.66|6.57|7.69|7.57|7.54|7.44|7.31|7.23|6.98|6.81|6.66
2001-09-30|7.30|7.12|7.14|7.14|7.13|7.14|7.09|7.03|6.97|7.68|7.48|7.49|7.48|7.45|7.44|7.32|7.19|7.07
2001-08-31|7.16|7.13|7.16|7.19|7.26|7.31|7.34|7.32|7.29|7.52|7.49|7.52|7.54|7.59|7.62|7.58|7.49|7.39
2001-07-31|7.30|7.28|7.30|7.29|7.32|7.37|7.43|7.46|7.49|7.68|7.66|7.67|7.65|7.66|7.68|7.67|7.64|7.59
2001-06-30|7.37|7.31|7.33|7.32|7.36|7.42|7.48|7.54|7.60|7.76|7.69|7.70|7.68|7.70|7.74|7.73|7.72|7.70
2001-05-31|7.36|7.30|7.35|7.38|7.42|7.45|7.44|7.46|7.47|7.75|7.68|7.73|7.74|7.76|7.77|7.69|7.63|7.57
2001-04-30|7.73|7.60|7.59|7.53|7.49|7.48|7.43|7.41|7.40|8.15|8.01|7.98|7.91|7.84|7.80|7.67|7.59|7.51
2001-03-31|7.34|7.31|7.35|7.34|7.36|7.39|7.37|7.36|7.36|7.73|7.69|7.72|7.70|7.70|7.71|7.61|7.53|7.46
2001-02-28|7.31|7.27|7.26|7.24|7.29|7.32|7.28|7.25|7.22|7.69|7.64|7.63|7.59|7.63|7.63|7.52|7.42|7.32
2001-01-31|7.37|7.37|7.39|7.39|7.39|7.41|7.34|7.27|7.19|7.75|7.75|7.77|7.76|7.73|7.73|7.58|7.44|7.29
2000-12-31|7.62|7.62|7.55|7.49|7.42|7.42|7.40|7.33|7.27|8.03|8.03|7.95|7.87|7.76|7.74|7.65|7.51|7.37
2000-11-30|7.32|7.28|7.29|7.31|7.38|7.43|7.45|7.48|7.51|7.70|7.65|7.65|7.67|7.72|7.75|7.70|7.66|7.62
2000-10-31|7.39|7.34|7.35|7.38|7.42|7.52|7.60|7.68|7.76|7.78|7.72|7.72|7.74|7.76|7.85|7.86|7.87|7.87
2000-09-30|7.08|7.06|7.08|7.11|7.20|7.33|7.48|7.57|7.66|7.44|7.41|7.43|7.46|7.53|7.64|7.73|7.75|7.77
2000-08-31|6.87|6.88|6.92|6.92|7.00|7.12|7.28|7.39|7.48|7.21|7.22|7.26|7.24|7.31|7.41|7.52|7.56|7.58
2000-07-31|6.55|6.50|6.55|6.59|6.75|6.91|7.17|7.34|7.47|6.87|6.81|6.85|6.89|7.04|7.19|7.40|7.51|7.57
2000-06-30|6.45|6.50|6.51|6.54|6.62|6.72|6.91|7.07|7.19|6.76|6.81|6.82|6.83|6.90|6.99|7.13|7.24|7.29
2000-05-31|6.20|6.22|6.23|6.29|6.39|6.50|6.66|6.83|6.98|6.49|6.50|6.51|6.57|6.65|6.76|6.86|6.98|7.07
2000-04-30|6.11|6.09|6.08|6.07|6.12|6.23|6.37|6.57|6.69|6.39|6.36|6.35|6.34|6.37|6.47|6.56|6.72|6.79
2000-03-31|5.87|5.89|5.91|5.86|5.91|6.00|6.15|6.32|6.48|6.13|6.15|6.16|6.11|6.14|6.23|6.33|6.46|6.57
2000-02-29|5.92|5.89|5.90|5.81|5.83|5.89|6.00|6.12|6.27|6.19|6.15|6.15|6.05|6.06|6.11|6.18|6.26|6.36
2000-01-31|5.84|5.80|5.82|5.79|5.79|5.88|5.93|6.00|6.11|6.10|6.05|6.07|6.03|6.02|6.09|6.10|6.13|6.20
1999-12-31|5.92|5.90|5.96|6.06|5.98|5.97|5.95|5.97|6.04|6.19|6.16|6.22|6.32|6.22|6.19|6.12|6.10|6.12
1999-11-30|5.82|5.81|5.85|5.79|6.24|6.15|6.06|6.03|6.00|6.08|6.06|6.11|6.03|6.49|6.39|6.24|6.16|6.08
1999-10-31|5.92|5.88|5.87|5.82|5.93|6.37|6.23|6.17|6.12|6.19|6.14|6.13|6.07|6.16|6.62|6.41|6.30|6.20
1999-09-30|6.34|6.24|6.20|6.02|5.94|5.97|6.12|6.01|5.98|6.64|6.52|6.48|6.27|6.18|6.19|6.30|6.14|6.07
1999-08-31|6.56|6.54|6.52|6.33|6.20|6.09|6.17|6.08|6.07|6.88|6.85|6.82|6.61|6.45|6.32|6.35|6.21|6.16
1999-07-31|6.63|6.58|6.57|6.46|6.38|6.35|6.29|6.16|6.07|6.95|6.90|6.88|6.75|6.65|6.60|6.48|6.30|6.15
1999-06-30|6.99|6.91|6.89|6.73|6.58|6.48|6.23|6.07|5.97|7.35|7.25|7.22|7.04|6.86|6.73|6.41|6.20|6.05
1999-05-31|7.23|7.16|7.16|7.02|6.78|6.66|6.23|6.02|5.84|7.61|7.52|7.52|7.36|7.07|6.92|6.42|6.15|5.92
1999-04-30|7.64|7.47|7.32|7.06|6.78|6.55|6.08|5.85|5.66|8.05|7.86|7.70|7.40|7.08|6.81|6.26|5.97|5.74
1999-03-31|7.73|7.59|7.49|7.30|7.06|6.88|6.37|6.07|5.90|8.15|7.99|7.87|7.65|7.38|7.16|6.57|6.21|5.98
1999-02-28|8.16|8.08|8.03|7.83|7.48|7.27|6.67|6.29|6.07|8.62|8.54|8.46|8.23|7.83|7.58|6.88|6.43|6.16
1999-01-31|8.80|8.64|8.58|8.39|7.98|7.72|7.11|6.73|6.45|9.33|9.15|9.08|8.84|8.37|8.06|7.34|6.88|6.54
1998-12-31|8.83|8.85|8.86|8.79|8.46|8.24|7.61|7.15|6.87|9.37|9.38|9.38|9.29|8.89|8.62|7.86|7.32|6.97
1998-11-30|8.43|8.39|8.37|8.25|8.05|7.96|7.49|7.08|6.79|8.93|8.87|8.84|8.70|8.45|8.32|7.74|7.24|6.88
1998-10-31|8.32|8.26|8.24|8.17|8.03|7.92|7.59|7.30|7.06|8.80|8.73|8.70|8.60|8.42|8.28|7.85|7.48|7.16
1998-09-30|8.23|8.47|8.47|8.34|8.18|8.03|7.70|7.43|7.18|8.70|8.96|8.96|8.79|8.59|8.40|7.96|7.60|7.28
1998-08-31|6.41|6.62|7.16|7.11|6.83|6.74|6.61|6.55|6.50|6.72|6.94|7.54|7.48|7.14|7.02|6.82|6.70|6.59
1998-07-31|5.33|5.31|5.33|5.28|5.32|5.35|5.44|5.50|5.57|5.56|5.53|5.55|5.49|5.52|5.54|5.59|5.61|5.64
1998-06-30|4.65|4.67|4.70|4.69|4.75|4.82|4.97|5.07|5.17|4.82|4.85|4.88|4.86|4.92|4.98|5.10|5.17|5.25
1998-05-31|4.20|4.27|4.32|4.34|4.39|4.47|4.63|4.76|4.88|4.35|4.43|4.47|4.49|4.53|4.61|4.75|4.85|4.95
1998-04-30|3.98|4.02|4.05|4.03|4.10|4.15|4.33|4.45|4.56|4.12|4.16|4.19|4.16|4.23|4.27|4.44|4.53|4.62
1998-03-31|4.01|4.03|4.03|3.99|4.05|4.08|4.22|4.35|4.48|4.15|4.17|4.17|4.12|4.17|4.20|4.32|4.43|4.54
1998-02-28|3.81|3.75|3.77|3.76|3.79|3.84|4.03|4.19|4.32|3.94|3.88|3.90|3.88|3.90|3.95|4.12|4.27|4.38
1998-01-31|3.85|3.76|3.78|3.71|3.77|3.82|4.02|4.19|4.33|3.98|3.88|3.91|3.83|3.88|3.93|4.12|4.27|4.39
1997-12-31|3.69|3.66|3.71|3.64|3.79|3.87|4.10|4.26|4.43|3.81|3.78|3.83|3.75|3.90|3.98|4.20|4.34|4.50
1997-11-30|3.75|3.75|3.76|3.69|3.87|3.95|4.17|4.36|4.51|3.87|3.88|3.88|3.80|3.99|4.06|4.27|4.44|4.57
1997-10-31|3.82|3.78|3.79|3.75|3.87|3.97|4.18|4.31|4.45|3.95|3.91|3.91|3.87|3.99|4.09|4.28|4.39|4.51
1997-09-30|3.70|3.72|3.74|3.72|3.85|3.94|4.15|4.27|4.42|3.82|3.84|3.86|3.84|3.97|4.06|4.25|4.35|4.49
1997-08-31|3.75|3.77|3.81|3.82|3.96|4.04|4.29|4.43|4.58|3.88|3.89|3.94|3.94|4.08|4.16|4.40|4.52|4.64
1997-07-31|3.76|3.79|3.81|3.83|3.93|4.00|4.17|4.27|4.38|3.89|3.92|3.93|3.96|4.06|4.12|4.27|4.35|4.44
1997-06-30|3.50|3.51|3.52|3.40|3.45|3.51|3.68|3.80|3.90|3.61|3.62|3.63|3.50|3.55|3.60|3.76|3.87|3.96
1997-05-31|3.54|3.45|3.47|3.37|3.42|3.46|3.65|3.76|3.86|3.66|3.56|3.58|3.47|3.51|3.55|3.73|3.83|3.92
1997-04-30|3.51|3.42|3.47|3.40|3.45|3.50|3.67|3.80|3.95|3.62|3.52|3.58|3.50|3.54|3.60|3.76|3.88|4.00
1997-03-31|3.48|3.52|3.53|3.44|3.47|3.51|3.65|3.77|3.86|3.59|3.63|3.64|3.55|3.57|3.61|3.74|3.84|3.91
1997-02-28|3.67|3.56|3.57|3.45|3.48|3.52|3.59|3.66|3.70|3.79|3.68|3.69|3.56|3.58|3.61|3.68|3.72|3.75
1997-01-31|3.74|3.62|3.62|3.46|3.48|3.52|3.59|3.66|3.72|3.87|3.74|3.74|3.57|3.58|3.62|3.68|3.73|3.78
1996-12-31|4.15|4.20|4.23|4.18|4.14|4.14|4.17|4.24|4.34|4.30|4.35|4.38|4.32|4.27|4.26|4.27|4.33|4.40
1996-11-30|4.41|4.32|4.33|4.25|4.33|4.39|4.49|4.55|4.63|4.57|4.47|4.48|4.40|4.47|4.53|4.60|4.64|4.70
1996-10-31|5.03|4.96|4.97|4.86|4.90|5.04|5.19|5.26|5.33|5.23|5.15|5.16|5.04|5.07|5.21|5.34|5.37|5.41
1996-09-30|4.95|4.93|4.97|4.89|4.98|5.09|5.33|5.44|5.57|5.14|5.12|5.17|5.08|5.16|5.26|5.48|5.55|5.64
1996-08-31|4.91|4.92|4.97|4.89|4.95|5.02|5.27|5.40|5.50|5.10|5.11|5.16|5.07|5.12|5.18|5.41|5.52|5.58
1996-07-31|4.86|4.87|4.91|4.87|4.93|4.99|5.16|5.29|5.38|5.05|5.06|5.09|5.05|5.11|5.16|5.30|5.40|5.45
1996-06-30|4.98|4.92|4.97|4.89|4.90|4.93|5.04|5.11|5.19|5.18|5.11|5.16|5.07|5.08|5.09|5.18|5.21|5.27
1996-05-31|5.08|4.94|4.92|4.78|4.77|4.76|4.83|4.89|4.94|5.29|5.13|5.11|4.96|4.93|4.92|4.96|4.98|5.01
1996-04-30|5.17|5.01|5.01|4.78|4.73|4.70|4.70|4.72|4.74|5.39|5.20|5.20|4.95|4.90|4.85|4.83|4.81|4.81
1996-03-31|5.16|5.01|5.06|4.91|4.92|4.92|4.94|4.96|4.99|5.37|5.21|5.26|5.10|5.10|5.09|5.08|5.06|5.05
1996-02-29|5.48|5.40|5.42|5.31|5.31|5.26|5.25|5.24|5.24|5.71|5.63|5.65|5.52|5.51|5.44|5.39|5.35|5.31
1996-01-31|6.49|6.24|6.09|5.76|5.59|5.48|5.38|5.34|5.30|6.80|6.53|6.37|6.00|5.80|5.67|5.53|5.45|5.37
1995-12-31|6.65|6.46|6.36|5.95|5.56|5.43|5.34|5.26|5.24|6.99|6.78|6.66|6.21|5.77|5.63|5.49|5.37|5.32
1995-11-30|5.37|5.28|5.30|5.20|5.26|5.22|5.24|5.29|5.34|5.59|5.49|5.51|5.40|5.46|5.40|5.38|5.40|5.41
1995-10-31|5.51|5.41|5.41|5.30|5.31|5.34|5.39|5.46|5.55|5.74|5.63|5.63|5.50|5.51|5.52|5.54|5.58|5.62
1995-09-30|5.60|5.48|5.50|5.34|5.34|5.36|5.43|5.52|5.61|5.84|5.71|5.73|5.56|5.54|5.54|5.58|5.63|5.69
1995-08-31|5.21|5.17|5.23|5.12|5.22|5.34|5.54|5.66|5.77|5.43|5.38|5.44|5.32|5.41|5.53|5.70|5.78|5.85
1995-07-31|5.47|5.48|5.53|5.45|5.54|5.62|5.81|5.91|6.00|5.70|5.71|5.76|5.67|5.75|5.82|5.98|6.04|6.09
1995-06-30|5.96|5.89|5.92|5.76|5.76|5.79|5.85|5.90|5.94|6.23|6.15|6.18|6.00|5.99|6.00|6.02|6.03|6.02
1995-05-31|6.35|6.14|6.13|5.88|5.75|5.67|5.75|5.77|5.85|6.65|6.42|6.40|6.13|5.97|5.88|5.92|5.90|5.93
1995-04-30|5.66|5.55|5.52|5.36|5.34|5.36|5.58|5.78|5.96|5.91|5.78|5.75|5.58|5.53|5.54|5.74|5.90|6.05
1995-03-31|4.99|5.08|5.13|5.18|5.28|5.39|5.76|5.98|6.20|5.19|5.28|5.33|5.38|5.47|5.57|5.93|6.11|6.28
1995-02-28|5.02|5.12|5.13|5.15|5.23|5.46|5.87|6.09|6.30|5.23|5.32|5.34|5.35|5.42|5.66|6.04|6.22|6.39
1995-01-31|5.33|5.47|5.52|5.49|5.64|5.76|6.13|6.33|6.56|5.55|5.70|5.76|5.71|5.85|5.97|6.31|6.47|6.65
1994-12-31|6.58|6.12|6.09|6.19|6.19|6.24|6.40|6.56|6.72|6.93|6.40|6.37|6.46|6.44|6.48|6.60|6.70|6.81
1994-11-30|6.16|6.40|6.49|6.87|7.18|7.27|7.37|7.47|7.66|6.45|6.70|6.80|7.20|7.51|7.58|7.61|7.65|7.76
1994-10-31|5.81|5.65|5.71|5.94|6.40|6.89|7.11|7.37|7.55|6.07|5.89|5.96|6.20|6.67|7.17|7.34|7.54|7.66
1994-09-30|5.62|5.77|5.80|6.05|6.40|6.68|7.15|7.35|7.52|5.87|6.02|6.05|6.31|6.67|6.95|7.38|7.52|7.62
1994-08-31|5.19|5.23|5.31|5.35|5.59|5.86|6.35|6.54|6.74|5.40|5.45|5.53|5.56|5.81|6.08|6.55|6.69|6.84
1994-07-31|5.24|5.25|5.32|5.35|5.46|5.53|5.85|6.11|6.35|5.46|5.47|5.53|5.56|5.67|5.73|6.02|6.24|6.44
1994-06-30|4.98|5.10|5.16|5.20|5.33|5.43|5.78|6.10|6.32|5.18|5.30|5.36|5.41|5.52|5.63|5.95|6.23|6.41
1994-05-31|5.54|5.31|5.32|5.21|5.16|5.15|5.23|5.45|5.64|5.77|5.53|5.54|5.42|5.35|5.32|5.38|5.56|5.72
1994-04-30|5.47|5.49|5.48|5.44|5.45|5.46|5.50|5.59|5.67|5.70|5.72|5.71|5.66|5.65|5.65|5.65|5.70|5.75
1994-03-31|5.37|5.35|5.36|5.28|5.23|5.25|5.23|5.22|5.26|5.60|5.57|5.58|5.49|5.42|5.43|5.38|5.33|5.33
1994-02-28|5.15|5.04|5.07|5.07|5.08|5.09|5.06|5.04|5.03|5.36|5.24|5.27|5.26|5.26|5.26|5.19|5.15|5.10
1994-01-31|5.36|5.48|5.53|5.50|5.44|5.36|5.29|5.22|5.17|5.59|5.71|5.76|5.72|5.64|5.55|5.44|5.32|5.24
1993-12-31|6.42|6.50|6.37|6.13|5.77|5.57|5.43|5.32|5.25|6.73|6.81|6.67|6.39|6.00|5.77|5.58|5.43|5.32
1993-11-30|5.47|5.38|5.42|5.46|5.50|5.45|5.32|5.28|5.25|5.70|5.60|5.65|5.68|5.71|5.64|5.46|5.39|5.32
1993-10-31|6.55|6.39|6.38|6.30|6.23|6.18|5.94|5.83|5.80|6.86|6.69|6.68|6.58|6.48|6.42|6.11|5.96|5.88
1993-09-30|6.29|6.45|6.53|6.49|6.39|6.34|6.16|6.08|6.02|6.58|6.76|6.83|6.78|6.66|6.58|6.35|6.22|6.10
1993-08-31|6.53|6.39|6.32|6.17|6.04|5.96|5.85|5.78|5.75|6.85|6.69|6.61|6.44|6.28|6.19|6.02|5.91|5.82
1993-07-31|6.65|6.70|6.71|6.59|6.51|6.48|6.39|6.31|6.25|6.97|7.02|7.03|6.89|6.79|6.73|6.59|6.45|6.33
1993-06-30|7.40|7.25|7.23|6.96|6.87|6.83|6.77|6.72|6.68|7.79|7.63|7.59|7.29|7.18|7.11|6.98|6.88|6.77
1993-05-31|8.21|7.91|7.87|7.63|7.45|7.32|7.23|7.16|7.11|8.68|8.34|8.29|8.02|7.80|7.63|7.46|7.33|7.20
1993-04-30|8.87|8.71|8.70|8.48|8.40|8.35|8.15|8.05|7.96|9.41|9.23|9.20|8.94|8.83|8.74|8.43|8.24|8.07
1993-03-31|8.82|8.93|9.00|8.93|8.87|8.79|8.42|8.33|8.31|9.36|9.47|9.53|9.44|9.34|9.22|8.72|8.53|8.42
1993-02-28|9.73|9.54|9.55|9.43|9.38|9.32|9.10|8.95|8.88|10.37|10.15|10.15|9.99|9.90|9.79|9.44|9.18|9.01
1993-01-31|11.49|11.46|11.13|11.01|10.75|10.59|10.19|9.94|9.82|12.41|12.32|11.93|11.76|11.41|11.18|10.60|10.21|9.96
1992-12-31|22.94|38.06|27.87|23.09|17.28|15.42|12.82|10.59|11.54|26.46|54.26|34.81|26.90|19.02|16.65|13.44|10.88|11.70
1992-11-30|10.84|63.98|28.49|22.29|16.68|14.63|12.37|10.13|11.17|11.67|193.61|41.75|26.88|18.55|15.84|12.97|10.41|11.33
1992-10-31|15.32|13.92|13.66|13.47|12.81|12.50|12.00|11.64|11.40|17.05|15.23|14.88|14.60|13.74|13.30|12.54|11.98|11.56
1992-09-30|31.72|30.88|26.17|21.09|16.73|15.13|13.51|12.60|12.36|39.40|38.26|30.86|23.78|18.25|16.27|14.18|12.98|12.53
1992-08-31|11.08|11.20|11.24|11.24|11.19|11.15|11.09|11.05|11.03|11.89|12.02|12.05|12.02|11.90|11.80|11.56|11.36|11.18
1992-07-31|10.36|10.45|10.49|10.49|10.52|10.52|10.54|10.53|10.52|11.08|11.17|11.20|11.17|11.16|11.11|10.98|10.82|10.66
1992-06-30|10.22|10.26|10.30|10.35|10.38|10.37|10.36|10.35|10.35|10.92|10.95|10.98|11.01|11.00|10.94|10.78|10.63|10.49
1992-05-31|10.61|10.52|10.52|10.49|10.44|10.41|10.34|10.33|10.31|11.36|11.25|11.23|11.17|11.07|10.98|10.76|10.61|10.46
1992-04-30|11.08|10.53|10.49|10.40|10.38|10.35|10.31|10.28|10.27|11.90|11.26|11.20|11.07|11.00|10.92|10.73|10.56|10.41
1992-03-31|10.12|10.19|10.22|10.28|10.34|10.36|10.36|10.31|10.25|10.80|10.87|10.90|10.94|10.95|10.93|10.78|10.59|10.39
1992-02-29|10.35|10.33|10.40|10.49|10.52|10.53|10.50|10.40|10.35|11.06|11.03|11.10|11.17|11.15|11.11|10.94|10.68|10.49
1992-01-31|11.29|10.84|10.80|10.76|10.69|10.62|10.41|10.31|10.26|12.13|11.60|11.55|11.47|11.34|11.21|10.84|10.59|10.40
1991-12-31|11.00|10.80|10.85|10.94|10.85|10.80|10.72|10.62|10.57|11.81|11.56|11.61|11.67|11.51|11.41|11.17|10.91|10.71
1991-11-30|9.77|10.14|10.23|10.30|10.32|10.32|10.30|10.26|10.24|10.42|10.82|10.90|10.95|10.93|10.88|10.72|10.54|10.38
1991-10-31|10.63|10.52|10.54|10.53|10.49|10.46|10.42|10.34|10.35|11.38|11.25|11.25|11.22|11.12|11.04|10.85|10.62|10.49
1991-09-30|10.59|10.66|10.67|10.61|10.57|10.54|10.49||10.40|11.34|11.40|11.40|11.31|11.21|11.12|10.92||10.55
1991-08-31|9.40|9.86|10.00|10.14|10.26|10.30|10.28||10.21|10.00|10.51|10.65|10.77|10.87|10.86|10.70||10.35
1991-07-31|10.27|10.29|10.40|10.40|10.42|10.41|10.40||10.36|10.98|10.98|11.09|11.07|11.04|10.98|10.82||10.50
1991-06-30|11.63|10.89|10.73|10.47|10.35|10.23|10.19||10.21|12.54|11.67|11.47|11.14|10.96|10.79|10.60||10.35
1991-05-31|10.74|10.31|10.27|10.19|10.16|10.11|10.08||10.10|11.50|11.00|10.96|10.84|10.76|10.66|10.48||10.24
1991-04-30|10.37|10.34|10.41|10.43|10.43|10.41|10.48||10.58|11.09|11.04|11.10|11.10|11.05|10.98|10.91||10.72
1991-03-31|10.51|10.64|10.73|10.79|10.73|10.71|10.77||10.94|11.24|11.38|11.46|11.50|11.39|11.31|11.22||11.09
1991-02-28|10.95|10.80|10.83|10.86|10.97|10.97|11.00||11.11|11.74|11.56|11.58|11.58|11.66|11.60|11.46||11.27
1991-01-31|11.26|11.20|11.26|11.35|11.48|11.51|11.53||11.54|12.09|12.01|12.06|12.13|12.22|12.19|12.03||11.70
1990-12-31|11.53|11.33|11.37|11.52|11.65|11.66|11.65||11.59|12.42|12.16|12.19|12.33|12.41|12.36|12.16||11.75
1990-11-30|11.44|11.22|11.25|11.36|11.43|11.46|11.47||11.44|12.30|12.03|12.06|12.15|12.16|12.14|11.97||11.60
1990-10-31|11.44|11.36|11.32|11.31|11.34|11.35|11.34||11.31|12.31|12.19|12.14|12.09|12.07|12.01|11.84||11.46
1990-09-30|10.89|10.73|10.75|10.67|10.76|10.82|11.15||11.26|11.67|11.48|11.50|11.37|11.42|11.44|11.62||11.42
1990-08-31|10.21|10.85|10.91|10.88|10.98|11.07|11.26||11.35|10.92|11.61|11.67|11.61|11.67|11.71|11.75||11.50
1990-07-31|11.35|11.19|11.18|11.04|11.08|11.12|11.31||11.39|12.20|12.00|11.97|11.79|11.78|11.76|11.80||11.55
1990-06-30|11.49|11.45|11.51|11.42|11.42|11.46|11.64||11.70|12.36|12.30|12.35|12.21|12.16|12.14|12.15||11.87
1990-05-31|11.56|11.60|11.66|11.66|11.72|11.76|11.83||11.88|12.44|12.47|12.51|12.48|12.49|12.46|12.36||12.05
1990-04-30|11.97|12.11|12.21|12.23|12.27|12.31|12.30||12.29|12.90|13.05|13.15|13.13|13.10|13.08|12.87||12.46
1990-03-31|12.62|12.31|12.28|12.11|11.99|11.96|11.91||11.91|13.66|13.28|13.22|13.00|12.79|12.69|12.45||12.08
1990-02-28|11.28|11.32|11.39|11.44|11.53|11.55|11.60||11.59|12.11|12.15|12.21|12.24|12.28|12.24|12.11||11.75
1990-01-31|11.52|11.57|11.69|11.81|11.89|11.95|11.98||11.93|12.39|12.44|12.55|12.65|12.68|12.68|12.52||12.09
1989-12-31|12.42|12.46|12.47|12.48|12.47|12.45|12.41||12.25|13.42|13.45|13.45|13.41|13.33|13.23|12.99||12.42
1989-11-30|11.39|11.49|11.65|11.75|11.91|11.90|11.89||11.79|12.24|12.34|12.51|12.59|12.70|12.62|12.42||11.96
1989-10-31|11.18|11.25|11.24|11.33|11.43|11.41|11.40||11.26|12.00|12.06|12.04|12.12|12.16|12.09|11.89||11.41
1989-09-30|11.15|11.10|11.09|11.05|11.02|10.99|10.97||10.87|11.96|11.90|11.87|11.80|11.70|11.62|11.44||11.02
1989-08-31|10.61|10.65|10.72|10.90|11.14|11.21|11.29||11.30|11.36|11.38|11.45|11.62|11.84|11.86|11.77||11.46
1989-07-31|11.19|11.07|11.07|11.02|11.09|11.12|11.16||11.15|12.01|11.87|11.85|11.76|11.79|11.76|11.64||11.30
1989-06-30|10.71|10.71|10.74|10.84|10.97|11.02|11.15||11.16|11.47|11.45|11.48|11.56|11.65|11.65|11.62||11.32
1989-05-31|11.05|10.98|10.98|10.96|10.99|10.99|11.00||10.94|11.86|11.77|11.75|11.69|11.67|11.62|11.46||11.09
1989-04-30|11.46|11.34|11.33|11.28|11.31|11.32|11.30||11.25|12.31|12.17|12.15|12.06|12.03|11.98|11.78||11.41
1989-03-31|11.39|11.39|11.37|11.33|11.36|11.36|11.48||11.47|12.24|12.22|12.19|12.11|12.08|12.03|11.98||11.63
1989-02-28|11.41|11.43|11.46|11.37|11.34|11.29|11.17||11.09|12.26|12.27|12.29|12.16|12.06|11.95|11.65||11.24
1989-01-31|11.68|11.60|11.62|11.50|11.51|11.49|11.45||11.43|12.57|12.47|12.47|12.31|12.25|12.17|11.95||11.59
1988-12-31|12.09|12.08|12.02|11.81|11.92|11.98|12.04||12.06|13.04|13.01|12.93|12.66|12.71|12.71|12.58||12.23
1988-11-30|13.12|13.26|13.40|13.41|13.40|13.21|13.02||12.80|14.24|14.38|14.53|14.49|14.39|14.08|13.64||12.98
1988-10-31|12.74|12.57|12.60|12.72|12.93|13.08|13.27||13.12|13.79|13.58|13.60|13.69|13.85|13.94|13.92||13.31
1988-09-30|12.81|12.72|12.83|13.05|13.38|13.52|13.81||13.79|13.87|13.75|13.85|14.06|14.35|14.43|14.50||13.98
1988-08-31|12.57|12.79|12.84|12.90|13.32|13.35|13.47||13.51|13.59|13.83|13.87|13.90|14.29|14.24|14.13||13.69
1988-07-31|12.98|12.97|12.94|13.07|13.20|13.28|13.21||13.07|14.07|14.03|13.98|14.09|14.16|14.16|13.85||13.25
1988-06-30|13.14|13.13|13.17|13.03|13.04|13.03|13.02||13.15|14.26|14.23|14.24|14.04|13.97|13.88|13.64||13.33
1988-05-31|13.56|13.43|13.50|13.44|13.48|13.51|13.58||13.91|14.74|14.57|14.63|14.51|14.47|14.42|14.24||14.10
1988-04-30|14.02|13.89|13.96|13.94|14.07|14.06|14.18||14.50|15.28|15.10|15.16|15.09|15.14|15.04|14.89||14.70
1988-03-31|13.93|13.87|13.93|13.98|14.15|14.24|14.35||14.58|15.16|15.08|15.13|15.14|15.24|15.24|15.09||14.79
1988-02-29|13.89|13.86|13.91|13.93|14.08|14.25|14.51||14.66|15.12|15.06|15.10|15.08|15.16|15.25|15.25||14.86
1988-01-31|13.85|14.00|14.13|14.21|14.41|14.61|14.77||14.84|15.08|15.23|15.36|15.40|15.53|15.66|15.55||15.05
1987-12-31|14.21|14.27|14.49|14.99|15.19|15.29|15.18||15.12|15.51|15.55|15.78|16.30|16.43|16.43|15.99||15.33
1987-11-30|13.97|14.43|14.60|14.69|14.87|14.92|14.83||14.80|15.22|15.73|15.91|15.96|16.06|16.02|15.61||15.01
1987-10-31|13.73|13.89||13.96||14.04|14.09||14.11|14.93|15.10||15.11||15.02|14.80||14.31
1987-09-30|14.04|14.04||14.02||13.94|13.90||13.90|15.30|15.28||15.18||14.91|14.59||14.10
1987-08-31|14.03|14.06||14.20||14.20|14.30||14.46|15.29|15.30||15.38||15.20|15.03||14.66
1987-07-31|14.13|13.93||14.24||14.26|14.30||14.46|15.41|15.15||15.43||15.26|15.03||14.66
1987-06-30|14.27|14.20||14.46||14.44|14.53||14.73|15.56|15.47||15.69||15.47|15.28||14.94
1987-05-31|14.20|14.26||14.47||14.58|14.80||14.95|15.48|15.53||15.71||15.63|15.57||15.15
1987-04-30|14.35|14.40||14.58||14.58|14.69||14.92|15.66|15.70||15.83||15.63|15.45||15.13
1987-03-31|14.20|14.24||14.57||14.67|14.75||14.92|15.48|15.51||15.82||15.73|15.51||15.13
1987-02-28|14.60|14.78||15.02||15.13|15.09||15.12|15.95|16.14||16.34||16.25|15.90||15.33
1987-01-31|15.75|16.13||16.39||16.50|16.34||16.24|17.31|17.74||17.95||17.81|17.26||16.47
1986-12-31|17.97|18.30||17.56||16.87|16.40||16.00|20.02|20.38||19.35||18.24|17.33||16.22
1986-11-30|14.33|14.64||15.07||15.15|15.02||14.78|15.63|15.98||16.40||16.27|15.81||14.99
1986-10-31|14.51|14.66||14.85||14.73|14.60||14.46|15.85|16.00||16.14||15.79|15.36||14.66
1986-09-30|14.37|14.35||14.34||14.36|14.46||14.56|15.68|15.64||15.56||15.37|15.21||14.76
1986-08-31|14.33|14.27||14.37||14.47|14.56||14.63|15.63|15.55||15.58||15.50|15.31||14.84
1986-07-31|14.48|14.54||14.56||14.54|14.58||14.61|15.81|15.86||15.81||15.58|15.33||14.81
1986-06-30|14.40|14.36||14.32||14.26|14.31||14.32|15.72|15.65||15.53||15.26|15.04||14.51
1986-05-31|21.78|19.50||17.25||15.01|14.36||14.15|25.69|22.40||19.16||16.14|15.10||14.35
1986-04-30|14.01|13.74||13.74||13.61|13.65||13.69|15.27|14.93||14.86||14.54|14.32||13.88
1986-03-31|13.49|13.34||13.23||13.24|13.37||13.52|14.65|14.46||14.27||14.11|14.02||13.70
1986-02-28|13.50|13.38||13.43||13.39|13.55||13.69|14.67|14.51||14.49||14.28|14.21||13.88
1986-01-31|13.37|12.97||13.03||13.07|13.18||13.37|14.52|14.04||14.05||13.92|13.81||13.55
1985-12-31|12.17|||12.30||12.50|||12.79|13.14|||13.21||13.29|||12.97
1985-11-30|11.81|||||||||12.71||||||||
1985-10-31|11.30|||||||||12.15||||||||
1985-09-30|11.90|||||||||12.83||||||||
1985-08-31|12.12|||||||||13.09||||||||
1985-07-31|11.75|||||||||12.66||||||||
1985-06-30|12.77|||||||||13.82||||||||
1985-05-31|12.81|||||||||13.87||||||||
1985-04-30|13.33|||||||||14.46||||||||
1985-03-31|11.34|||||||||12.24||||||||
1985-02-28|12.78|||||||||13.83||||||||
1985-01-31|10.96|||||||||11.77||||||||
1984-12-31|12.36|||||||||13.35||||||||
1984-11-30|13.09|||||||||14.19||||||||
1984-10-31|12.95|||||||||14.04||||||||
1984-09-30|12.09|||||||||13.06||||||||
1984-08-31|12.59|||||||||13.61||||||||
1984-07-31|12.00|||||||||12.94||||||||
1984-06-30|12.04|||||||||13.00||||||||
1984-05-31|13.19|||||||||14.31||||||||
1984-04-30|13.09|||||||||14.20||||||||
1984-03-31|13.47|||||||||14.64||||||||
1984-02-29|11.96|||||||||12.90||||||||
1984-01-31|12.88|||||||||13.96||||||||
1983-12-31|12.74|||||||||13.82||||||||
1983-11-30|12.58|||||||||13.63||||||||
1983-10-31|12.41|||||||||13.41||||||||
1983-09-30|11.54|||||||||12.44||||||||
1983-08-31|13.16|||||||||14.28||||||||
1983-07-31|11.91|||||||||12.84||||||||
1983-06-30|11.57|||||||||12.48||||||||
1983-05-31|14.77|||||||||16.17||||||||
1983-04-30|12.92|||||||||14.00||||||||
1983-03-31|12.66|||||||||13.71||||||||
1983-02-28|11.93|||||||||12.86||||||||
1983-01-31|13.11|||||||||14.23||||||||
1982-12-31|10.78|||||||||11.55||||||||
1982-11-30||||||||||||||||||
1982-10-31||||||||||||||||||
1982-09-30||||||||||||||||||
1982-08-31||||||||||||||||||
1982-07-31||||||||||||||||||
1982-06-30||||||||||||||||||
1982-05-31||||||||||||||||||
1982-04-30|13.70|||||||||14.90||||||||
1982-03-31||||||||||||||||||
1982-02-28||||||||||||||||||
1982-01-31||||||||||||||||||
